DZ:Algeria,Africa,,,,,
AO:Angola,Africa,,,,,
BJ:Benin,Africa,,,,,
BW:Botswana,Africa,,,,,
BF:Burkina Faso,Africa,,,,,
BI:Burundi,Africa,,,,,
CM:Cameroon,Africa,,,,,
CV:Cape Verde,Africa,,,,,
CF:Central African Republic,Africa,,,,,
TD:Chad,Africa,,,,,
KM:Comoros,Africa,,,,,
CG:Congo - Brazzaville,Africa,,,,,
CD:Congo - Kinshasa,Africa,,,,,
CI:Côte d’Ivoire,Africa,,,,,
DJ:Djibouti,Africa,,,,,
EG:Egypt,Africa,,,,,
GQ:Equatorial Guinea,Africa,,,,,
ER:Eritrea,Africa,,,,,
ET:Ethiopia,Africa,,,,,
GA:Gabon,Africa,,,,,
GM:Gambia,Africa,,,,,
GH:Ghana,Africa,,,,,
GN:Guinea,Africa,,,,,
GW:Guinea-Bissau,Africa,,,,,
KE:Kenya,Africa,,,,,
LS:Lesotho,Africa,,,,,
LR:Liberia,Africa,,,,,
LY:Libya,Africa,,,,,
MG:Madagascar,Africa,,,,,
MW:Malawi,Africa,,,,,
ML:Mali,Africa,,,,,
MR:Mauritania,Africa,,,,,
MU:Mauritius,Africa,,,,,
YT:Mayotte,Africa,,,,,
MA:Morocco,Africa,,,,,
MZ:Mozambique,Africa,,,,,
NA:Namibia,Africa,,,,,
NE:Niger,Africa,,,,,
NG:Nigeria,Africa,,,,,
RW:Rwanda,Africa,,,,,
RE:Réunion,Africa,,,,,
SH:Saint Helena,Africa,,,,,
SN:Senegal,Africa,,,,,
SC:Seychelles,Africa,,,,,
SL:Sierra Leone,Africa,,,,,
SO:Somalia,Africa,,,,,
ZA:South Africa,Africa,,,,,
SD:Sudan,Africa,,,,,
SZ:Swaziland,Africa,,,,,
ST:São Tomé and Príncipe,Africa,,,,,
TZ:Tanzania,Africa,,,,,
TG:Togo,Africa,,,,,
TN:Tunisia,Africa,,,,,
UG:Uganda,Africa,,,,,
EH:Western Sahara,Africa,,,,,
ZM:Zambia,Africa,,,,,
ZW:Zimbabwe,Africa,,,,,
AI:Anguilla,Americas,,,,,
AG:Antigua and Barbuda,Americas,,,,,
AR:Argentina,Americas,,,,,
AW:Aruba,Americas,,,,,
BS:Bahamas,Americas,,,,,
BB:Barbados,Americas,,,,,
BZ:Belize,Americas,,,,,
BM:Bermuda,Americas,,,,,
BO:Bolivia,Americas,,,,,
BR:Brazil,Americas,,,,,
VG:British Virgin Islands,Americas,,,,,
CA:Canada,Americas,,,,,
KY:Cayman Islands,Americas,,,,,
CL:Chile,Americas,,,,,
CO:Colombia,Americas,,,,,
CR:Costa Rica,Americas,,,,,
CU:Cuba,Americas,,,,,
DM:Dominica,Americas,,,,,
DO:Dominican Republic,Americas,,,,,
EC:Ecuador,Americas,,,,,
SV:El Salvador,Americas,,,,,
FK:Falkland Islands,Americas,,,,,
GF:French Guiana,Americas,,,,,
GL:Greenland,Americas,,,,,
GD:Grenada,Americas,,,,,
GP:Guadeloupe,Americas,,,,,
GT:Guatemala,Americas,,,,,
GY:Guyana,Americas,,,,,
HT:Haiti,Americas,,,,,
HN:Honduras,Americas,,,,,
JM:Jamaica,Americas,,,,,
MQ:Martinique,Americas,,,,,
MX:Mexico,Americas,,,,,
MS:Montserrat,Americas,,,,,
AN:Netherlands Antilles,Americas,,,,,
NI:Nicaragua,Americas,,,,,
PA:Panama,Americas,,,,,
PY:Paraguay,Americas,,,,,
PE:Peru,Americas,,,,,
PR:Puerto Rico,Americas,,,,,
BL:Saint Barthélemy,Americas,,,,,
KN:Saint Kitts and Nevis,Americas,,,,,
LC:Saint Lucia,Americas,,,,,
MF:Saint Martin,Americas,,,,,
PM:Saint Pierre and Miquelon,Americas,,,,,
VC:Saint Vincent and the Grenadines,Americas,,,,,
SR:Suriname,Americas,,,,,
TT:Trinidad and Tobago,Americas,,,,,
TC:Turks and Caicos Islands,Americas,,,,,
VI:U.S. Virgin Islands,Americas,,,,,
US:United States,Americas,,,,,
UY:Uruguay,Americas,,,,,
VE:Venezuela,Americas,,,,,
AF:Afghanistan,Asia,,,,,
AM:Armenia,Asia,,,,,
AZ:Azerbaijan,Asia,,,,,
BH:Bahrain,Asia,,,,,
BD:Bangladesh,Asia,,,,,
BT:Bhutan,Asia,,,,,
BN:Brunei,Asia,,,,,
KH:Cambodia,Asia,,,,,
CN:China,Asia,,,,,
GE:Georgia,Asia,,,,,
HK:Hong Kong SAR China,Asia,,,,,
IN:India,Asia,,,,,
ID:Indonesia,Asia,,,,,
IR:Iran,Asia,,,,,
IQ:Iraq,Asia,,,,,
IL:Israel,Asia,,,,,
JP:Japan,Asia,,,,,
JO:Jordan,Asia,,,,,
KZ:Kazakhstan,Asia,,,,,
KW:Kuwait,Asia,,,,,
KG:Kyrgyzstan,Asia,,,,,
LA:Laos,Asia,,,,,
LB:Lebanon,Asia,,,,,
MO:Macau SAR China,Asia,,,,,
MY:Malaysia,Asia,,,,,
MV:Maldives,Asia,,,,,
MN:Mongolia,Asia,,,,,
MM:Myanmar [Burma],Asia,,,,,
NP:Nepal,Asia,,,,,
NT:Neutral Zone,Asia,,,,,
KP:North Korea,Asia,,,,,
OM:Oman,Asia,,,,,
PK:Pakistan,Asia,,,,,
PS:Palestinian Territories,Asia,,,,,
YD:People's Democratic Republic of Yemen,Asia,,,,,
PH:Philippines,Asia,,,,,
QA:Qatar,Asia,,,,,
SA:Saudi Arabia,Asia,,,,,
SG:Singapore,Asia,,,,,
KR:South Korea,Asia,,,,,
LK:Sri Lanka,Asia,,,,,
SY:Syria,Asia,,,,,
TW:Taiwan,Asia,,,,,
TJ:Tajikistan,Asia,,,,,
TH:Thailand,Asia,,,,,
TL:Timor-Leste,Asia,,,,,
TR:Turkey,Asia,,,,,
TM:Turkmenistan,Asia,,,,,
AE:United Arab Emirates,Asia,,,,,
UZ:Uzbekistan,Asia,,,,,
VN:Vietnam,Asia,,,,,
YE:Yemen,Asia,,,,,
AL:Albania,Europe,,,,,
AD:Andorra,Europe,,,,,
AT:Austria,Europe,,,,,
BY:Belarus,Europe,,,,,
BE:Belgium,Europe,,,,,
BA:Bosnia and Herzegovina,Europe,,,,,
BG:Bulgaria,Europe,,,,,
HR:Croatia,Europe,,,,,
CY:Cyprus,Europe,,,,,
CZ:Czech Republic,Europe,,,,,
DK:Denmark,Europe,,,,,
DD:East Germany,Europe,,,,,
EE:Estonia,Europe,,,,,
FO:Faroe Islands,Europe,,,,,
FI:Finland,Europe,,,,,
FR:France,Europe,,,,,
DE:Germany,Europe,,,,,
GI:Gibraltar,Europe,,,,,
GR:Greece,Europe,,,,,
GG:Guernsey,Europe,,,,,
HU:Hungary,Europe,,,,,
IS:Iceland,Europe,,,,,
IE:Ireland,Europe,,,,,
IM:Isle of Man,Europe,,,,,
IT:Italy,Europe,,,,,
JE:Jersey,Europe,,,,,
LV:Latvia,Europe,,,,,
LI:Liechtenstein,Europe,,,,,
LT:Lithuania,Europe,,,,,
LU:Luxembourg,Europe,,,,,
MK:Macedonia,Europe,,,,,
MT:Malta,Europe,,,,,
FX:Metropolitan France,Europe,,,,,
MD:Moldova,Europe,,,,,
MC:Monaco,Europe,,,,,
ME:Montenegro,Europe,,,,,
NL:Netherlands,Europe,,,,,
NO:Norway,Europe,,,,,
PL:Poland,Europe,,,,,
PT:Portugal,Europe,,,,,
RO:Romania,Europe,,,,,
RU:Russia,Europe,,,,,
SM:San Marino,Europe,,,,,
RS:Serbia,Europe,,,,,
CS:Serbia and Montenegro,Europe,,,,,
SK:Slovakia,Europe,,,,,
SI:Slovenia,Europe,,,,,
ES:Spain,Europe,,,,,
SJ:Svalbard and Jan Mayen,Europe,,,,,
SE:Sweden,Europe,,,,,
CH:Switzerland,Europe,,,,,
UA:Ukraine,Europe,,,,,
SU:Union of Soviet Socialist Republics,Europe,,,,,
GB:United Kingdom,Europe,,,,,
VA:Vatican City,Europe,,,,,
AX:Aland Islands,Europe,,,,,
AS:American Samoa,Oceania,,,,,
AQ:Antarctica,Oceania,,,,,
AU:Australia,Oceania,,,,,
BV:Bouvet Island,Oceania,,,,,
IO:British Indian Ocean Territory,Oceania,,,,,
CX:Christmas Island,Oceania,,,,,
CC:Cocos [Keeling] Islands,Oceania,,,,,
CK:Cook Islands,Oceania,,,,,
FJ:Fiji,Oceania,,,,,
PF:French Polynesia,Oceania,,,,,
TF:French Southern Territories,Oceania,,,,,
GU:Guam,Oceania,,,,,
HM:Heard Island and McDonald Islands,Oceania,,,,,
KI:Kiribati,Oceania,,,,,
MH:Marshall Islands,Oceania,,,,,
FM:Micronesia,Oceania,,,,,
NR:Nauru,Oceania,,,,,
NC:New Caledonia,Oceania,,,,,
NZ:New Zealand,Oceania,,,,,
NU:Niue,Oceania,,,,,
NF:Norfolk Island,Oceania,,,,,
MP:Northern Mariana Islands,Oceania,,,,,
PW:Palau,Oceania,,,,,
PG:Papua New Guinea,Oceania,,,,,
PN:Pitcairn Islands,Oceania,,,,,
WS:Samoa,Oceania,,,,,
SB:Solomon Islands,Oceania,,,,,
GS:South Georgia and the South Sandwich Islands,Oceania,,,,,
TK:Tokelau,Oceania,,,,,
TO:Tonga,Oceania,,,,,
TV:Tuvalu,Oceania,,,,,
UM:U.S. Minor Outlying Islands,Oceania,,,,,
VU:Vanuatu,Oceania,,,,,
WF:Wallis and Futuna,Oceania,,,,,